[
  {
    "model": "foodcartapp.restaurant",
    "pk": 1,
    "fields": {
      "name": "Star Burger Арбат",
      "address": "Москва, ул. Новый Арбат, 15",
      "contact_phone": "+7 (967) 157-44-13"
    }
  },
  {
    "model": "foodcartapp.restaurant",
    "pk": 2,
    "fields": {
      "name": "Star Burger Цветной",
      "address": "Москва, Цветной бульвар, 11с2",
      "contact_phone": "+7 (929) 949-55-36"
    }
  },
  {
    "model": "foodcartapp.restaurant",
    "pk": 3,
    "fields": {
      "name": "Star Burger Европейский",
      "address": "Москва, пл. Киевского Вокзала, 2",
      "contact_phone": "+7 (929) 680-47-58"
    }
  },
  {
    "model": "foodcartapp.productcategory",
    "pk": 1,
    "fields": {
      "name": "Бургер"
    }
  },
  {
    "model": "foodcartapp.productcategory",
    "pk": 2,
    "fields": {
      "name": "Ролл"
    }
  },
  {
    "model": "foodcartapp.product",
    "pk": 1,
    "fields": {
      "name": "Стейкхаус",
      "category": 1,
      "price": "269.00",
      "image": "steak.jpg",
      "special_status": false,
      "description": "Стейкхаус – это сочетание нашей фирменной, приготовленной на огне 100% говядины с ломтиками бекона и соусом «Барбекю», майонезом, листьями свежего салата, помидором и хрустящим луком на воздушной було"
    }
  },
  {
    "model": "foodcartapp.product",
    "pk": 2,
    "fields": {
      "name": "Лонг Чизбургер",
      "category": 1,
      "price": "219.00",
      "image": "long_chiz.jpg",
      "special_status": false,
      "description": "Лонг Чизбургер – эталон в коллекции чизбургеров! Два приготовленных на огне бифштекса с двумя ломтиками слегка расплавленного сыра, хрустящими огурчиками, рубленым луком, горчицей и кетчупом на длинно"
    }
  },
  {
    "model": "foodcartapp.product",
    "pk": 3,
    "fields": {
      "name": "Тройной Воппер",
      "category": 1,
      "price": "369.00",
      "image": "triple_vopper.jpg",
      "special_status": false,
      "description": "ВОППЕР® — это вкуснейшая приготовленная на огне 100% говядина с сочными помидорами, свежим нарезанным листовым салатом, густым майонезом, хрустящими маринованными огурчиками и свежим луком на нежной б"
    }
  },
  {
    "model": "foodcartapp.product",
    "pk": 4,
    "fields": {
      "name": "Беконайзер",
      "category": 1,
      "price": "319.00",
      "image": "beconizer.jpg",
      "special_status": false,
      "description": "Встречай самый внушительный бургер в коллекции Бургер Кинг. Много мяса, много бекона и много сыра - все, как ты любишь, и ничего лишнего!"
    }
  },
  {
    "model": "foodcartapp.product",
    "pk": 5,
    "fields": {
      "name": "Фиш Ролл",
      "category": 2,
      "price": "199.00",
      "image": "fish_roll.jpg",
      "special_status": false,
      "description": "Наш новый ролл с аппетитной котлеткой из филе белой рыбы, с фирменным соусом, маринованными огурчиками и хрустящим салатом. Легкое рыбное удовольствие!"
    }
  },
  {
    "model": "foodcartapp.product",
    "pk": 6,
    "fields": {
      "name": "Шримп Ролл",
      "category": 2,
      "price": "209.00",
      "image": "shrimp_roll.jpg",
      "special_status": false,
      "description": "Легкий ролл с нежными королевскими креветками в хрустящей панировке, свежий салат Айсберг и ломтик сыра в пшеничной лепешке под фирменным соусом «Кинг». Внимание! Блюдо содержит аллергены – морепродук"
    }
  },
  {
    "model": "foodcartapp.restaurantmenuitem",
    "pk": 1,
    "fields": {
      "restaurant": 1,
      "product": 1,
      "availability": true
    }
  },
  {
    "model": "foodcartapp.restaurantmenuitem",
    "pk": 2,
    "fields": {
      "restaurant": 1,
      "product": 2,
      "availability": true
    }
  },
  {
    "model": "foodcartapp.restaurantmenuitem",
    "pk": 3,
    "fields": {
      "restaurant": 1,
      "product": 3,
      "availability": true
    }
  },
  {
    "model": "foodcartapp.restaurantmenuitem",
    "pk": 4,
    "fields": {
      "restaurant": 1,
      "product": 4,
      "availability": true
    }
  },
  {
    "model": "foodcartapp.restaurantmenuitem",
    "pk": 5,
    "fields": {
      "restaurant": 1,
      "product": 5,
      "availability": true
    }
  },
  {
    "model": "foodcartapp.restaurantmenuitem",
    "pk": 6,
    "fields": {
      "restaurant": 1,
      "product": 6,
      "availability": true
    }
  },
  {
    "model": "foodcartapp.restaurantmenuitem",
    "pk": 7,
    "fields": {
      "restaurant": 2,
      "product": 1,
      "availability": true
    }
  },
  {
    "model": "foodcartapp.restaurantmenuitem",
    "pk": 8,
    "fields": {
      "restaurant": 2,
      "product": 2,
      "availability": true
    }
  },
  {
    "model": "foodcartapp.restaurantmenuitem",
    "pk": 9,
    "fields": {
      "restaurant": 2,
      "product": 3,
      "availability": true
    }
  },
  {
    "model": "foodcartapp.restaurantmenuitem",
    "pk": 10,
    "fields": {
      "restaurant": 2,
      "product": 4,
      "availability": true
    }
  },
  {
    "model": "foodcartapp.restaurantmenuitem",
    "pk": 11,
    "fields": {
      "restaurant": 2,
      "product": 5,
      "availability": true
    }
  },
  {
    "model": "foodcartapp.restaurantmenuitem",
    "pk": 12,
    "fields": {
      "restaurant": 2,
      "product": 6,
      "availability": true
    }
  },
  {
    "model": "foodcartapp.restaurantmenuitem",
    "pk": 13,
    "fields": {
      "restaurant": 3,
      "product": 1,
      "availability": true
    }
  },
  {
    "model": "foodcartapp.restaurantmenuitem",
    "pk": 14,
    "fields": {
      "restaurant": 3,
      "product": 2,
      "availability": true
    }
  },
  {
    "model": "foodcartapp.restaurantmenuitem",
    "pk": 15,
    "fields": {
      "restaurant": 3,
      "product": 3,
      "availability": true
    }
  },
  {
    "model": "foodcartapp.restaurantmenuitem",
    "pk": 16,
    "fields": {
      "restaurant": 3,
      "product": 4,
      "availability": true
    }
  },
  {
    "model": "foodcartapp.restaurantmenuitem",
    "pk": 17,
    "fields": {
      "restaurant": 3,
      "product": 5,
      "availability": true
    }
  },
  {
    "model": "foodcartapp.restaurantmenuitem",
    "pk": 18,
    "fields": {
      "restaurant": 3,
      "product": 6,
      "availability": true
    }
  },
  {
    "model": "foodcartapp.order",
    "pk": 1,
    "fields": {
      "firstname": "Yelena",
      "lastname": "M",
      "phonenumber": "+79991234567",
      "address": "street 2",
      "status": "confirmed",
      "comment": "Без лука",
      "created_at": "2025-04-11T21:13:09.353Z",
      "call_at": null,
      "deliver_at": null,
      "payment_method": "cash",
      "assigned_restaurant": null
    }
  },
  {
    "model": "foodcartapp.order",
    "pk": 2,
    "fields": {
      "firstname": "Иван",
      "lastname": "Петров",
      "phonenumber": "+79998887766",
      "address": "Москва, ул. Пушкина, д. 1",
      "status": "assembling",
      "comment": "",
      "created_at": "2025-04-11T21:13:09.353Z",
      "call_at": null,
      "deliver_at": null,
      "payment_method": "cash",
      "assigned_restaurant": 1
    }
  },
  {
    "model": "foodcartapp.order",
    "pk": 3,
    "fields": {
      "firstname": "Mariana",
      "lastname": "M",
      "phonenumber": "+79991234569",
      "address": "street 3",
      "status": "new",
      "comment": "",
      "created_at": "2025-04-11T21:13:09.353Z",
      "call_at": null,
      "deliver_at": null,
      "payment_method": "card",
      "assigned_restaurant": 2
    }
  },
  {
    "model": "foodcartapp.order",
    "pk": 4,
    "fields": {
      "firstname": "Marina",
      "lastname": "M",
      "phonenumber": "+79991234569",
      "address": "JL. JUNGUTBATU, JUNGUTBATU, KEC. NUSA PENIDA, KABUPATEN KLUNGKUNG",
      "status": "completed",
      "comment": "",
      "created_at": "2025-04-11T21:13:09.353Z",
      "call_at": null,
      "deliver_at": null,
      "payment_method": "cash",
      "assigned_restaurant": null
    }
  },
  {
    "model": "foodcartapp.order",
    "pk": 5,
    "fields": {
      "firstname": "Kirill",
      "lastname": "N",
      "phonenumber": "+79991234566",
      "address": "street 3",
      "status": "new",
      "comment": "",
      "created_at": "2025-04-11T21:13:09.353Z",
      "call_at": null,
      "deliver_at": null,
      "payment_method": "cash",
      "assigned_restaurant": null
    }
  },
  {
    "model": "foodcartapp.order",
    "pk": 6,
    "fields": {
      "firstname": "Василий",
      "lastname": "Васильевич",
      "phonenumber": "+79123456789",
      "address": "Лондон",
      "status": "new",
      "comment": "",
      "created_at": "2025-04-11T21:13:09.353Z",
      "call_at": null,
      "deliver_at": null,
      "payment_method": "cash",
      "assigned_restaurant": null
    }
  },
  {
    "model": "foodcartapp.order",
    "pk": 7,
    "fields": {
      "firstname": "Василий",
      "lastname": "Васильев",
      "phonenumber": "+79123456789",
      "address": "Лондон",
      "status": "new",
      "comment": "",
      "created_at": "2025-04-11T21:13:09.353Z",
      "call_at": null,
      "deliver_at": null,
      "payment_method": "cash",
      "assigned_restaurant": null
    }
  },
  {
    "model": "foodcartapp.order",
    "pk": 8,
    "fields": {
      "firstname": "Kirill",
      "lastname": "N",
      "phonenumber": "+79991234566",
      "address": "Ленинский 4",
      "status": "new",
      "comment": "",
      "created_at": "2025-04-11T21:13:09.353Z",
      "call_at": null,
      "deliver_at": null,
      "payment_method": "cash",
      "assigned_restaurant": null
    }
  },
  {
    "model": "foodcartapp.order",
    "pk": 9,
    "fields": {
      "firstname": "Ivan",
      "lastname": "R",
      "phonenumber": "+79991234565",
      "address": "Московская 8",
      "status": "new",
      "comment": "",
      "created_at": "2025-04-11T21:13:09.353Z",
      "call_at": null,
      "deliver_at": null,
      "payment_method": "cash",
      "assigned_restaurant": null
    }
  },
  {
    "model": "foodcartapp.order",
    "pk": 10,
    "fields": {
      "firstname": "Anna",
      "lastname": "Ivanova",
      "phonenumber": "+79991234561",
      "address": "Московская 9",
      "status": "assembling",
      "comment": "",
      "created_at": "2025-04-11T21:13:09.353Z",
      "call_at": null,
      "deliver_at": null,
      "payment_method": "cash",
      "assigned_restaurant": null
    }
  },
  {
    "model": "foodcartapp.order",
    "pk": 11,
    "fields": {
      "firstname": "Василий",
      "lastname": "Васильевич",
      "phonenumber": "+79123456789",
      "address": "Лондон",
      "status": "confirmed",
      "comment": "",
      "created_at": "2025-04-11T21:13:09.353Z",
      "call_at": null,
      "deliver_at": null,
      "payment_method": "card",
      "assigned_restaurant": null
    }
  },
  {
    "model": "foodcartapp.order",
    "pk": 12,
    "fields": {
      "firstname": "Кирилл",
      "lastname": "Некрасов",
      "phonenumber": "+79991234567",
      "address": "Штурманская 16 к1",
      "status": "confirmed",
      "comment": "",
      "created_at": "2025-04-12T20:08:40.925Z",
      "call_at": null,
      "deliver_at": null,
      "payment_method": "card",
      "assigned_restaurant": null
    }
  },
  {
    "model": "foodcartapp.order",
    "pk": 13,
    "fields": {
      "firstname": "Иван",
      "lastname": "Петров",
      "phonenumber": "+79991234566",
      "address": "Ленинский 4",
      "status": "new",
      "comment": "",
      "created_at": "2025-04-12T20:53:33.162Z",
      "call_at": null,
      "deliver_at": null,
      "payment_method": "cash",
      "assigned_restaurant": null
    }
  },
  {
    "model": "foodcartapp.order",
    "pk": 14,
    "fields": {
      "firstname": "Петр",
      "lastname": "Петров",
      "phonenumber": "+79991234567",
      "address": "Москва, ул. Пушкина, д. 10",
      "status": "new",
      "comment": "",
      "created_at": "2025-04-12T21:28:07.399Z",
      "call_at": null,
      "deliver_at": null,
      "payment_method": "cash",
      "assigned_restaurant": null
    }
  },
  {
    "model": "foodcartapp.order",
    "pk": 15,
    "fields": {
      "firstname": "Ирина",
      "lastname": "Н",
      "phonenumber": "+79991234567",
      "address": "Москва, Красная площадь",
      "status": "new",
      "comment": "",
      "created_at": "2025-04-12T21:40:02.284Z",
      "call_at": null,
      "deliver_at": null,
      "payment_method": "cash",
      "assigned_restaurant": null
    }
  },
  {
    "model": "foodcartapp.order",
    "pk": 16,
    "fields": {
      "firstname": "Иван",
      "lastname": "Сидоров",
      "phonenumber": "+79123456782",
      "address": "Москва, ул. Пушкина, д. 10",
      "status": "new",
      "comment": "",
      "created_at": "2025-04-12T21:43:28.605Z",
      "call_at": null,
      "deliver_at": null,
      "payment_method": "cash",
      "assigned_restaurant": null
    }
  },
  {
    "model": "foodcartapp.order",
    "pk": 17,
    "fields": {
      "firstname": "Иван",
      "lastname": "Иванович",
      "phonenumber": "+79991234561",
      "address": "Улица Пушкина, 12",
      "status": "assembling",
      "comment": "",
      "created_at": "2025-04-13T18:54:06.297Z",
      "call_at": null,
      "deliver_at": null,
      "payment_method": "card",
      "assigned_restaurant": 3
    }
  },
  {
    "model": "foodcartapp.order",
    "pk": 18,
    "fields": {
      "firstname": "Анастасия",
      "lastname": "Петрова",
      "phonenumber": "+79991234567",
      "address": "Метро Охотный ряд",
      "status": "delivering",
      "comment": "",
      "created_at": "2025-04-15T21:56:55.585Z",
      "call_at": null,
      "deliver_at": null,
      "payment_method": "card",
      "assigned_restaurant": 1
    }
  },
  {
    "model": "foodcartapp.order",
    "pk": 19,
    "fields": {
      "firstname": "Михаил",
      "lastname": "Котов",
      "phonenumber": "+79123456785",
      "address": "Метро Воробьевы горы",
      "status": "assembling",
      "comment": "",
      "created_at": "2025-04-15T22:47:21.513Z",
      "call_at": null,
      "deliver_at": null,
      "payment_method": "cash",
      "assigned_restaurant": 3
    }
  },
  {
    "model": "foodcartapp.order",
    "pk": 20,
    "fields": {
      "firstname": "Иван",
      "lastname": "Иванов",
      "phonenumber": "+79998887766",
      "address": "Заставская 10",
      "status": "new",
      "comment": "",
      "created_at": "2025-04-15T22:51:30.764Z",
      "call_at": null,
      "deliver_at": null,
      "payment_method": "cash",
      "assigned_restaurant": null
    }
  },
  {
    "model": "foodcartapp.orderitem",
    "pk": 1,
    "fields": {
      "order": 1,
      "product": 2,
      "quantity": 2,
      "price": "219.00"
    }
  },
  {
    "model": "foodcartapp.orderitem",
    "pk": 2,
    "fields": {
      "order": 1,
      "product": 5,
      "quantity": 1,
      "price": "199.00"
    }
  },
  {
    "model": "foodcartapp.orderitem",
    "pk": 3,
    "fields": {
      "order": 2,
      "product": 1,
      "quantity": 2,
      "price": "269.00"
    }
  },
  {
    "model": "foodcartapp.orderitem",
    "pk": 4,
    "fields": {
      "order": 2,
      "product": 3,
      "quantity": 1,
      "price": "369.00"
    }
  },
  {
    "model": "foodcartapp.orderitem",
    "pk": 5,
    "fields": {
      "order": 3,
      "product": 2,
      "quantity": 1,
      "price": "219.00"
    }
  },
  {
    "model": "foodcartapp.orderitem",
    "pk": 6,
    "fields": {
      "order": 3,
      "product": 6,
      "quantity": 2,
      "price": "209.00"
    }
  },
  {
    "model": "foodcartapp.orderitem",
    "pk": 7,
    "fields": {
      "order": 4,
      "product": 4,
      "quantity": 1,
      "price": "319.00"
    }
  },
  {
    "model": "foodcartapp.orderitem",
    "pk": 8,
    "fields": {
      "order": 4,
      "product": 5,
      "quantity": 1,
      "price": "199.00"
    }
  },
  {
    "model": "foodcartapp.orderitem",
    "pk": 9,
    "fields": {
      "order": 5,
      "product": 1,
      "quantity": 1,
      "price": "269.00"
    }
  },
  {
    "model": "foodcartapp.orderitem",
    "pk": 10,
    "fields": {
      "order": 5,
      "product": 3,
      "quantity": 1,
      "price": "369.00"
    }
  },
  {
    "model": "foodcartapp.orderitem",
    "pk": 11,
    "fields": {
      "order": 6,
      "product": 1,
      "quantity": 1,
      "price": "269.00"
    }
  },
  {
    "model": "foodcartapp.orderitem",
    "pk": 12,
    "fields": {
      "order": 7,
      "product": 1,
      "quantity": 1,
      "price": "269.00"
    }
  },
  {
    "model": "foodcartapp.orderitem",
    "pk": 13,
    "fields": {
      "order": 8,
      "product": 6,
      "quantity": 2,
      "price": "209.00"
    }
  },
  {
    "model": "foodcartapp.orderitem",
    "pk": 14,
    "fields": {
      "order": 9,
      "product": 6,
      "quantity": 1,
      "price": "200.00"
    }
  },
  {
    "model": "foodcartapp.orderitem",
    "pk": 15,
    "fields": {
      "order": 10,
      "product": 5,
      "quantity": 1,
      "price": "199.00"
    }
  },
  {
    "model": "foodcartapp.orderitem",
    "pk": 16,
    "fields": {
      "order": 11,
      "product": 1,
      "quantity": 1,
      "price": "269.00"
    }
  },
  {
    "model": "foodcartapp.orderitem",
    "pk": 17,
    "fields": {
      "order": 12,
      "product": 4,
      "quantity": 1,
      "price": "319.00"
    }
  },
  {
    "model": "foodcartapp.orderitem",
    "pk": 18,
    "fields": {
      "order": 13,
      "product": 4,
      "quantity": 1,
      "price": "319.00"
    }
  },
  {
    "model": "foodcartapp.orderitem",
    "pk": 19,
    "fields": {
      "order": 14,
      "product": 1,
      "quantity": 1,
      "price": "269.00"
    }
  },
  {
    "model": "foodcartapp.orderitem",
    "pk": 20,
    "fields": {
      "order": 14,
      "product": 2,
      "quantity": 1,
      "price": "219.00"
    }
  },
  {
    "model": "foodcartapp.orderitem",
    "pk": 21,
    "fields": {
      "order": 14,
      "product": 3,
      "quantity": 1,
      "price": "369.00"
    }
  },
  {
    "model": "foodcartapp.orderitem",
    "pk": 22,
    "fields": {
      "order": 15,
      "product": 3,
      "quantity": 1,
      "price": "369.00"
    }
  },
  {
    "model": "foodcartapp.orderitem",
    "pk": 23,
    "fields": {
      "order": 15,
      "product": 4,
      "quantity": 1,
      "price": "319.00"
    }
  },
  {
    "model": "foodcartapp.orderitem",
    "pk": 24,
    "fields": {
      "order": 15,
      "product": 5,
      "quantity": 2,
      "price": "199.00"
    }
  },
  {
    "model": "foodcartapp.orderitem",
    "pk": 25,
    "fields": {
      "order": 16,
      "product": 4,
      "quantity": 2,
      "price": "319.00"
    }
  },
  {
    "model": "foodcartapp.orderitem",
    "pk": 26,
    "fields": {
      "order": 16,
      "product": 3,
      "quantity": 2,
      "price": "369.00"
    }
  },
  {
    "model": "foodcartapp.orderitem",
    "pk": 27,
    "fields": {
      "order": 17,
      "product": 4,
      "quantity": 2,
      "price": "319.00"
    }
  },
  {
    "model": "foodcartapp.orderitem",
    "pk": 28,
    "fields": {
      "order": 17,
      "product": 6,
      "quantity": 1,
      "price": "209.00"
    }
  },
  {
    "model": "foodcartapp.orderitem",
    "pk": 29,
    "fields": {
      "order": 18,
      "product": 2,
      "quantity": 1,
      "price": "219.00"
    }
  },
  {
    "model": "foodcartapp.orderitem",
    "pk": 30,
    "fields": {
      "order": 18,
      "product": 1,
      "quantity": 1,
      "price": "269.00"
    }
  },
  {
    "model": "foodcartapp.orderitem",
    "pk": 31,
    "fields": {
      "order": 18,
      "product": 3,
      "quantity": 1,
      "price": "369.00"
    }
  },
  {
    "model": "foodcartapp.orderitem",
    "pk": 32,
    "fields": {
      "order": 19,
      "product": 4,
      "quantity": 1,
      "price": "319.00"
    }
  },
  {
    "model": "foodcartapp.orderitem",
    "pk": 33,
    "fields": {
      "order": 19,
      "product": 6,
      "quantity": 3,
      "price": "209.00"
    }
  },
  {
    "model": "foodcartapp.orderitem",
    "pk": 34,
    "fields": {
      "order": 20,
      "product": 1,
      "quantity": 1,
      "price": "269.00"
    }
  },
  {
    "model": "geolocation.place",
    "pk": 1,
    "fields": {
      "address": "Москва, Красная площадь",
      "latitude": 55.753544,
      "longitude": 37.621202,
      "updated_at": "2025-04-12T21:20:45.179Z"
    }
  },
  {
    "model": "geolocation.place",
    "pk": 2,
    "fields": {
      "address": "street 2",
      "latitude": 43.664224,
      "longitude": 26.503697,
      "updated_at": "2025-04-12T21:43:42.877Z"
    }
  },
  {
    "model": "geolocation.place",
    "pk": 3,
    "fields": {
      "address": "Москва, ул. Новый Арбат, 15",
      "latitude": 55.751933,
      "longitude": 37.593066,
      "updated_at": "2025-04-12T21:43:43.899Z"
    }
  },
  {
    "model": "geolocation.place",
    "pk": 4,
    "fields": {
      "address": "Москва, Цветной бульвар, 11с2",
      "latitude": 55.770076,
      "longitude": 37.620429,
      "updated_at": "2025-04-12T21:43:44.630Z"
    }
  },
  {
    "model": "geolocation.place",
    "pk": 5,
    "fields": {
      "address": "Москва, пл. Киевского Вокзала, 2",
      "latitude": 55.744637,
      "longitude": 37.566072,
      "updated_at": "2025-04-12T21:43:45.412Z"
    }
  },
  {
    "model": "geolocation.place",
    "pk": 6,
    "fields": {
      "address": "Москва, ул. Пушкина, д. 1",
      "latitude": 55.637296,
      "longitude": 37.261058,
      "updated_at": "2025-04-12T21:43:46.445Z"
    }
  },
  {
    "model": "geolocation.place",
    "pk": 7,
    "fields": {
      "address": "street 3",
      "latitude": 40.730763,
      "longitude": 29.995098,
      "updated_at": "2025-04-12T21:43:47.410Z"
    }
  },
  {
    "model": "geolocation.place",
    "pk": 8,
    "fields": {
      "address": "Лондон",
      "latitude": 51.507351,
      "longitude": -0.127696,
      "updated_at": "2025-04-12T21:43:48.532Z"
    }
  },
  {
    "model": "geolocation.place",
    "pk": 9,
    "fields": {
      "address": "Ленинский 4",
      "latitude": 55.728292,
      "longitude": 37.609461,
      "updated_at": "2025-04-12T21:43:49.459Z"
    }
  },
  {
    "model": "geolocation.place",
    "pk": 10,
    "fields": {
      "address": "Московская 8",
      "latitude": 58.603572,
      "longitude": 49.67944,
      "updated_at": "2025-04-12T21:43:50.455Z"
    }
  },
  {
    "model": "geolocation.place",
    "pk": 11,
    "fields": {
      "address": "Московская 9",
      "latitude": 58.603928,
      "longitude": 49.679647,
      "updated_at": "2025-04-12T21:43:51.207Z"
    }
  },
  {
    "model": "geolocation.place",
    "pk": 12,
    "fields": {
      "address": "Штурманская 16 к1",
      "latitude": 59.81207,
      "longitude": 30.303786,
      "updated_at": "2025-04-12T21:43:52.248Z"
    }
  },
  {
    "model": "geolocation.place",
    "pk": 13,
    "fields": {
      "address": "Москва, ул. Пушкина, д. 10",
      "latitude": 55.63566,
      "longitude": 37.261318,
      "updated_at": "2025-04-12T21:43:53.260Z"
    }
  },
  {
    "model": "geolocation.place",
    "pk": 14,
    "fields": {
      "address": "Улица Пушкина, 12",
      "latitude": 38.576518,
      "longitude": 68.791089,
      "updated_at": "2025-04-13T18:54:15.860Z"
    }
  },
  {
    "model": "geolocation.place",
    "pk": 15,
    "fields": {
      "address": "Метро Охотный ряд",
      "latitude": 55.756969,
      "longitude": 37.615524,
      "updated_at": "2025-04-15T21:57:03.884Z"
    }
  },
  {
    "model": "geolocation.place",
    "pk": 16,
    "fields": {
      "address": "Метро Воробьевы горы",
      "latitude": 55.710433,
      "longitude": 37.559335,
      "updated_at": "2025-04-15T22:47:22.599Z"
    }
  },
  {
    "model": "geolocation.place",
    "pk": 17,
    "fields": {
      "address": "Заставская 10",
      "latitude": 59.887575,
      "longitude": 30.335766,
      "updated_at": "2025-04-15T22:51:31.878Z"
    }
  },
  {
    "model": "admin.logentry",
    "pk": 1,
    "fields": {
      "action_time": "2025-04-09T10:00:49.970Z",
      "user": 1,
      "content_type": 4,
      "object_id": "1",
      "object_repr": "Бургер",
      "action_flag": 1,
      "change_message": "[{\"added\": {}}]"
    }
  },
  {
    "model": "admin.logentry",
    "pk": 2,
    "fields": {
      "action_time": "2025-04-09T10:00:55.280Z",
      "user": 1,
      "content_type": 4,
      "object_id": "2",
      "object_repr": "Ролл",
      "action_flag": 1,
      "change_message": "[{\"added\": {}}]"
    }
  },
  {
    "model": "admin.logentry",
    "pk": 3,
    "fields": {
      "action_time": "2025-04-09T10:04:57.319Z",
      "user": 1,
      "content_type": 1,
      "object_id": "1",
      "object_repr": "Стейкхаус",
      "action_flag": 1,
      "change_message": "[{\"added\": {}}]"
    }
  },
  {
    "model": "admin.logentry",
    "pk": 4,
    "fields": {
      "action_time": "2025-04-09T10:06:07.367Z",
      "user": 1,
      "content_type": 1,
      "object_id": "2",
      "object_repr": "Лонг Чизбургер",
      "action_flag": 1,
      "change_message": "[{\"added\": {}}]"
    }
  },
  {
    "model": "admin.logentry",
    "pk": 5,
    "fields": {
      "action_time": "2025-04-09T10:06:50.820Z",
      "user": 1,
      "content_type": 1,
      "object_id": "3",
      "object_repr": "Тройной Воппер",
      "action_flag": 1,
      "change_message": "[{\"added\": {}}]"
    }
  },
  {
    "model": "admin.logentry",
    "pk": 6,
    "fields": {
      "action_time": "2025-04-09T10:07:32.279Z",
      "user": 1,
      "content_type": 1,
      "object_id": "4",
      "object_repr": "Беконайзер",
      "action_flag": 1,
      "change_message": "[{\"added\": {}}]"
    }
  },
  {
    "model": "admin.logentry",
    "pk": 7,
    "fields": {
      "action_time": "2025-04-09T10:08:09.805Z",
      "user": 1,
      "content_type": 1,
      "object_id": "5",
      "object_repr": "Фиш Ролл",
      "action_flag": 1,
      "change_message": "[{\"added\": {}}]"
    }
  },
  {
    "model": "admin.logentry",
    "pk": 8,
    "fields": {
      "action_time": "2025-04-09T10:09:27.645Z",
      "user": 1,
      "content_type": 1,
      "object_id": "6",
      "object_repr": "Шримп Ролл",
      "action_flag": 1,
      "change_message": "[{\"added\": {}}]"
    }
  },
  {
    "model": "admin.logentry",
    "pk": 9,
    "fields": {
      "action_time": "2025-04-09T10:12:01.650Z",
      "user": 1,
      "content_type": 2,
      "object_id": "1",
      "object_repr": "Star Burger Арбат",
      "action_flag": 1,
      "change_message": "[{\"added\": {}}, {\"added\": {\"name\": \"\\u043f\\u0443\\u043d\\u043a\\u0442 \\u043c\\u0435\\u043d\\u044e \\u0440\\u0435\\u0441\\u0442\\u043e\\u0440\\u0430\\u043d\\u0430\", \"object\": \"Star Burger \\u0410\\u0440\\u0431\\u0430\\u0442 - \\u0421\\u0442\\u0435\\u0439\\u043a\\u0445\\u0430\\u0443\\u0441\"}}, {\"added\": {\"name\": \"\\u043f\\u0443\\u043d\\u043a\\u0442 \\u043c\\u0435\\u043d\\u044e \\u0440\\u0435\\u0441\\u0442\\u043e\\u0440\\u0430\\u043d\\u0430\", \"object\": \"Star Burger \\u0410\\u0440\\u0431\\u0430\\u0442 - \\u041b\\u043e\\u043d\\u0433 \\u0427\\u0438\\u0437\\u0431\\u0443\\u0440\\u0433\\u0435\\u0440\"}}, {\"added\": {\"name\": \"\\u043f\\u0443\\u043d\\u043a\\u0442 \\u043c\\u0435\\u043d\\u044e \\u0440\\u0435\\u0441\\u0442\\u043e\\u0440\\u0430\\u043d\\u0430\", \"object\": \"Star Burger \\u0410\\u0440\\u0431\\u0430\\u0442 - \\u0422\\u0440\\u043e\\u0439\\u043d\\u043e\\u0439 \\u0412\\u043e\\u043f\\u043f\\u0435\\u0440\"}}, {\"added\": {\"name\": \"\\u043f\\u0443\\u043d\\u043a\\u0442 \\u043c\\u0435\\u043d\\u044e \\u0440\\u0435\\u0441\\u0442\\u043e\\u0440\\u0430\\u043d\\u0430\", \"object\": \"Star Burger \\u0410\\u0440\\u0431\\u0430\\u0442 - \\u0411\\u0435\\u043a\\u043e\\u043d\\u0430\\u0439\\u0437\\u0435\\u0440\"}}, {\"added\": {\"name\": \"\\u043f\\u0443\\u043d\\u043a\\u0442 \\u043c\\u0435\\u043d\\u044e \\u0440\\u0435\\u0441\\u0442\\u043e\\u0440\\u0430\\u043d\\u0430\", \"object\": \"Star Burger \\u0410\\u0440\\u0431\\u0430\\u0442 - \\u0424\\u0438\\u0448 \\u0420\\u043e\\u043b\\u043b\"}}, {\"added\": {\"name\": \"\\u043f\\u0443\\u043d\\u043a\\u0442 \\u043c\\u0435\\u043d\\u044e \\u0440\\u0435\\u0441\\u0442\\u043e\\u0440\\u0430\\u043d\\u0430\", \"object\": \"Star Burger \\u0410\\u0440\\u0431\\u0430\\u0442 - \\u0428\\u0440\\u0438\\u043c\\u043f \\u0420\\u043e\\u043b\\u043b\"}}]"
    }
  },
  {
    "model": "admin.logentry",
    "pk": 10,
    "fields": {
      "action_time": "2025-04-09T10:12:50.062Z",
      "user": 1,
      "content_type": 2,
      "object_id": "2",
      "object_repr": "Star Burger Цветной",
      "action_flag": 1,
      "change_message": "[{\"added\": {}}, {\"added\": {\"name\": \"\\u043f\\u0443\\u043d\\u043a\\u0442 \\u043c\\u0435\\u043d\\u044e \\u0440\\u0435\\u0441\\u0442\\u043e\\u0440\\u0430\\u043d\\u0430\", \"object\": \"Star Burger \\u0426\\u0432\\u0435\\u0442\\u043d\\u043e\\u0439 - \\u0421\\u0442\\u0435\\u0439\\u043a\\u0445\\u0430\\u0443\\u0441\"}}, {\"added\": {\"name\": \"\\u043f\\u0443\\u043d\\u043a\\u0442 \\u043c\\u0435\\u043d\\u044e \\u0440\\u0435\\u0441\\u0442\\u043e\\u0440\\u0430\\u043d\\u0430\", \"object\": \"Star Burger \\u0426\\u0432\\u0435\\u0442\\u043d\\u043e\\u0439 - \\u041b\\u043e\\u043d\\u0433 \\u0427\\u0438\\u0437\\u0431\\u0443\\u0440\\u0433\\u0435\\u0440\"}}, {\"added\": {\"name\": \"\\u043f\\u0443\\u043d\\u043a\\u0442 \\u043c\\u0435\\u043d\\u044e \\u0440\\u0435\\u0441\\u0442\\u043e\\u0440\\u0430\\u043d\\u0430\", \"object\": \"Star Burger \\u0426\\u0432\\u0435\\u0442\\u043d\\u043e\\u0439 - \\u0422\\u0440\\u043e\\u0439\\u043d\\u043e\\u0439 \\u0412\\u043e\\u043f\\u043f\\u0435\\u0440\"}}, {\"added\": {\"name\": \"\\u043f\\u0443\\u043d\\u043a\\u0442 \\u043c\\u0435\\u043d\\u044e \\u0440\\u0435\\u0441\\u0442\\u043e\\u0440\\u0430\\u043d\\u0430\", \"object\": \"Star Burger \\u0426\\u0432\\u0435\\u0442\\u043d\\u043e\\u0439 - \\u0411\\u0435\\u043a\\u043e\\u043d\\u0430\\u0439\\u0437\\u0435\\u0440\"}}, {\"added\": {\"name\": \"\\u043f\\u0443\\u043d\\u043a\\u0442 \\u043c\\u0435\\u043d\\u044e \\u0440\\u0435\\u0441\\u0442\\u043e\\u0440\\u0430\\u043d\\u0430\", \"object\": \"Star Burger \\u0426\\u0432\\u0435\\u0442\\u043d\\u043e\\u0439 - \\u0424\\u0438\\u0448 \\u0420\\u043e\\u043b\\u043b\"}}, {\"added\": {\"name\": \"\\u043f\\u0443\\u043d\\u043a\\u0442 \\u043c\\u0435\\u043d\\u044e \\u0440\\u0435\\u0441\\u0442\\u043e\\u0440\\u0430\\u043d\\u0430\", \"object\": \"Star Burger \\u0426\\u0432\\u0435\\u0442\\u043d\\u043e\\u0439 - \\u0428\\u0440\\u0438\\u043c\\u043f \\u0420\\u043e\\u043b\\u043b\"}}]"
    }
  },
  {
    "model": "admin.logentry",
    "pk": 11,
    "fields": {
      "action_time": "2025-04-09T10:13:36.908Z",
      "user": 1,
      "content_type": 2,
      "object_id": "3",
      "object_repr": "Star Burger Европейский",
      "action_flag": 1,
      "change_message": "[{\"added\": {}}, {\"added\": {\"name\": \"\\u043f\\u0443\\u043d\\u043a\\u0442 \\u043c\\u0435\\u043d\\u044e \\u0440\\u0435\\u0441\\u0442\\u043e\\u0440\\u0430\\u043d\\u0430\", \"object\": \"Star Burger \\u0415\\u0432\\u0440\\u043e\\u043f\\u0435\\u0439\\u0441\\u043a\\u0438\\u0439 - \\u0421\\u0442\\u0435\\u0439\\u043a\\u0445\\u0430\\u0443\\u0441\"}}, {\"added\": {\"name\": \"\\u043f\\u0443\\u043d\\u043a\\u0442 \\u043c\\u0435\\u043d\\u044e \\u0440\\u0435\\u0441\\u0442\\u043e\\u0440\\u0430\\u043d\\u0430\", \"object\": \"Star Burger \\u0415\\u0432\\u0440\\u043e\\u043f\\u0435\\u0439\\u0441\\u043a\\u0438\\u0439 - \\u041b\\u043e\\u043d\\u0433 \\u0427\\u0438\\u0437\\u0431\\u0443\\u0440\\u0433\\u0435\\u0440\"}}, {\"added\": {\"name\": \"\\u043f\\u0443\\u043d\\u043a\\u0442 \\u043c\\u0435\\u043d\\u044e \\u0440\\u0435\\u0441\\u0442\\u043e\\u0440\\u0430\\u043d\\u0430\", \"object\": \"Star Burger \\u0415\\u0432\\u0440\\u043e\\u043f\\u0435\\u0439\\u0441\\u043a\\u0438\\u0439 - \\u0422\\u0440\\u043e\\u0439\\u043d\\u043e\\u0439 \\u0412\\u043e\\u043f\\u043f\\u0435\\u0440\"}}, {\"added\": {\"name\": \"\\u043f\\u0443\\u043d\\u043a\\u0442 \\u043c\\u0435\\u043d\\u044e \\u0440\\u0435\\u0441\\u0442\\u043e\\u0440\\u0430\\u043d\\u0430\", \"object\": \"Star Burger \\u0415\\u0432\\u0440\\u043e\\u043f\\u0435\\u0439\\u0441\\u043a\\u0438\\u0439 - \\u0411\\u0435\\u043a\\u043e\\u043d\\u0430\\u0439\\u0437\\u0435\\u0440\"}}, {\"added\": {\"name\": \"\\u043f\\u0443\\u043d\\u043a\\u0442 \\u043c\\u0435\\u043d\\u044e \\u0440\\u0435\\u0441\\u0442\\u043e\\u0440\\u0430\\u043d\\u0430\", \"object\": \"Star Burger \\u0415\\u0432\\u0440\\u043e\\u043f\\u0435\\u0439\\u0441\\u043a\\u0438\\u0439 - \\u0424\\u0438\\u0448 \\u0420\\u043e\\u043b\\u043b\"}}, {\"added\": {\"name\": \"\\u043f\\u0443\\u043d\\u043a\\u0442 \\u043c\\u0435\\u043d\\u044e \\u0440\\u0435\\u0441\\u0442\\u043e\\u0440\\u0430\\u043d\\u0430\", \"object\": \"Star Burger \\u0415\\u0432\\u0440\\u043e\\u043f\\u0435\\u0439\\u0441\\u043a\\u0438\\u0439 - \\u0428\\u0440\\u0438\\u043c\\u043f \\u0420\\u043e\\u043b\\u043b\"}}]"
    }
  },
  {
    "model": "admin.logentry",
    "pk": 12,
    "fields": {
      "action_time": "2025-04-11T16:34:53.216Z",
      "user": 1,
      "content_type": 1,
      "object_id": "6",
      "object_repr": "Шримп Ролл",
      "action_flag": 2,
      "change_message": "[{\"changed\": {\"fields\": [\"\\u0426\\u0435\\u043d\\u0430\"]}}]"
    }
  },
  {
    "model": "admin.logentry",
    "pk": 13,
    "fields": {
      "action_time": "2025-04-11T16:36:29.593Z",
      "user": 1,
      "content_type": 1,
      "object_id": "6",
      "object_repr": "Шримп Ролл",
      "action_flag": 2,
      "change_message": "[{\"changed\": {\"fields\": [\"\\u0426\\u0435\\u043d\\u0430\"]}}]"
    }
  },
  {
    "model": "admin.logentry",
    "pk": 14,
    "fields": {
      "action_time": "2025-04-11T19:12:40.202Z",
      "user": 1,
      "content_type": 1,
      "object_id": "5",
      "object_repr": "Фиш Ролл",
      "action_flag": 2,
      "change_message": "[{\"changed\": {\"fields\": [\"\\u0426\\u0435\\u043d\\u0430\"]}}]"
    }
  },
  {
    "model": "admin.logentry",
    "pk": 15,
    "fields": {
      "action_time": "2025-04-11T19:13:17.612Z",
      "user": 1,
      "content_type": 1,
      "object_id": "5",
      "object_repr": "Фиш Ролл",
      "action_flag": 2,
      "change_message": "[{\"changed\": {\"fields\": [\"\\u0426\\u0435\\u043d\\u0430\"]}}]"
    }
  },
  {
    "model": "admin.logentry",
    "pk": 16,
    "fields": {
      "action_time": "2025-04-11T19:16:09.451Z",
      "user": 1,
      "content_type": 11,
      "object_id": "10",
      "object_repr": "Anna Ivanova, Московская 9",
      "action_flag": 2,
      "change_message": "[{\"changed\": {\"fields\": [\"\\u0418\\u043c\\u044f\", \"\\u0424\\u0430\\u043c\\u0438\\u043b\\u0438\\u044f\"]}}]"
    }
  },
  {
    "model": "admin.logentry",
    "pk": 17,
    "fields": {
      "action_time": "2025-04-11T20:26:09.675Z",
      "user": 1,
      "content_type": 11,
      "object_id": "2",
      "object_repr": "Иван Петров, Москва, ул. Пушкина, д. 1",
      "action_flag": 2,
      "change_message": "[{\"changed\": {\"fields\": [\"\\u0424\\u0430\\u043c\\u0438\\u043b\\u0438\\u044f\"]}}]"
    }
  },
  {
    "model": "admin.logentry",
    "pk": 18,
    "fields": {
      "action_time": "2025-04-11T20:31:31.015Z",
      "user": 1,
      "content_type": 11,
      "object_id": "3",
      "object_repr": "Mariana M, street 3",
      "action_flag": 2,
      "change_message": "[{\"changed\": {\"fields\": [\"\\u0418\\u043c\\u044f\"]}}]"
    }
  },
  {
    "model": "admin.logentry",
    "pk": 19,
    "fields": {
      "action_time": "2025-04-11T20:31:46.968Z",
      "user": 1,
      "content_type": 11,
      "object_id": "7",
      "object_repr": "Василий Васильев, Лондон",
      "action_flag": 2,
      "change_message": "[{\"changed\": {\"fields\": [\"\\u0424\\u0430\\u043c\\u0438\\u043b\\u0438\\u044f\"]}}]"
    }
  },
  {
    "model": "admin.logentry",
    "pk": 20,
    "fields": {
      "action_time": "2025-04-11T20:52:13.413Z",
      "user": 1,
      "content_type": 11,
      "object_id": "1",
      "object_repr": "Yelena M, street 2",
      "action_flag": 2,
      "change_message": "[{\"changed\": {\"fields\": [\"\\u0421\\u0442\\u0430\\u0442\\u0443\\u0441 \\u0437\\u0430\\u043a\\u0430\\u0437\\u0430\"]}}]"
    }
  },
  {
    "model": "admin.logentry",
    "pk": 21,
    "fields": {
      "action_time": "2025-04-11T20:52:21.956Z",
      "user": 1,
      "content_type": 11,
      "object_id": "4",
      "object_repr": "Marina M, JL. JUNGUTBATU, JUNGUTBATU, KEC. NUSA PENIDA, KABUPATEN KLUNGKUNG",
      "action_flag": 2,
      "change_message": "[{\"changed\": {\"fields\": [\"\\u0421\\u0442\\u0430\\u0442\\u0443\\u0441 \\u0437\\u0430\\u043a\\u0430\\u0437\\u0430\"]}}]"
    }
  },
  {
    "model": "admin.logentry",
    "pk": 22,
    "fields": {
      "action_time": "2025-04-11T20:52:30.183Z",
      "user": 1,
      "content_type": 11,
      "object_id": "2",
      "object_repr": "Иван Петров, Москва, ул. Пушкина, д. 1",
      "action_flag": 2,
      "change_message": "[{\"changed\": {\"fields\": [\"\\u0421\\u0442\\u0430\\u0442\\u0443\\u0441 \\u0437\\u0430\\u043a\\u0430\\u0437\\u0430\"]}}]"
    }
  },
  {
    "model": "admin.logentry",
    "pk": 23,
    "fields": {
      "action_time": "2025-04-11T21:00:37.077Z",
      "user": 1,
      "content_type": 11,
      "object_id": "1",
      "object_repr": "Yelena M, street 2",
      "action_flag": 2,
      "change_message": "[{\"changed\": {\"fields\": [\"\\u041a\\u043e\\u043c\\u043c\\u0435\\u043d\\u0442\\u0430\\u0440\\u0438\\u0439\"]}}]"
    }
  },
  {
    "model": "admin.logentry",
    "pk": 24,
    "fields": {
      "action_time": "2025-04-11T21:46:45.386Z",
      "user": 1,
      "content_type": 11,
      "object_id": "11",
      "object_repr": "Василий Васильевич, Лондон",
      "action_flag": 2,
      "change_message": "[{\"changed\": {\"fields\": [\"\\u0421\\u0442\\u0430\\u0442\\u0443\\u0441 \\u0437\\u0430\\u043a\\u0430\\u0437\\u0430\", \"\\u0421\\u043f\\u043e\\u0441\\u043e\\u0431 \\u043e\\u043f\\u043b\\u0430\\u0442\\u044b\"]}}]"
    }
  },
  {
    "model": "admin.logentry",
    "pk": 25,
    "fields": {
      "action_time": "2025-04-11T21:50:40.972Z",
      "user": 1,
      "content_type": 11,
      "object_id": "3",
      "object_repr": "Mariana M, street 3",
      "action_flag": 2,
      "change_message": "[{\"changed\": {\"fields\": [\"\\u0421\\u043f\\u043e\\u0441\\u043e\\u0431 \\u043e\\u043f\\u043b\\u0430\\u0442\\u044b\"]}}]"
    }
  },
  {
    "model": "admin.logentry",
    "pk": 26,
    "fields": {
      "action_time": "2025-04-11T23:11:46.399Z",
      "user": 1,
      "content_type": 11,
      "object_id": "2",
      "object_repr": "Иван Петров, Москва, ул. Пушкина, д. 1",
      "action_flag": 2,
      "change_message": "[{\"changed\": {\"fields\": [\"\\u0420\\u0435\\u0441\\u0442\\u043e\\u0440\\u0430\\u043d, \\u0433\\u043e\\u0442\\u043e\\u0432\\u044f\\u0449\\u0438\\u0439 \\u0437\\u0430\\u043a\\u0430\\u0437\"]}}]"
    }
  },
  {
    "model": "admin.logentry",
    "pk": 27,
    "fields": {
      "action_time": "2025-04-12T19:45:56.589Z",
      "user": 1,
      "content_type": 11,
      "object_id": "3",
      "object_repr": "Mariana M, street 3",
      "action_flag": 2,
      "change_message": "[{\"changed\": {\"fields\": [\"\\u0420\\u0435\\u0441\\u0442\\u043e\\u0440\\u0430\\u043d, \\u0433\\u043e\\u0442\\u043e\\u0432\\u044f\\u0449\\u0438\\u0439 \\u0437\\u0430\\u043a\\u0430\\u0437\"]}}]"
    }
  },
  {
    "model": "admin.logentry",
    "pk": 28,
    "fields": {
      "action_time": "2025-04-12T20:10:08.323Z",
      "user": 1,
      "content_type": 11,
      "object_id": "12",
      "object_repr": "Кирилл Некрасов, Штурманская 16 к1",
      "action_flag": 2,
      "change_message": "[{\"changed\": {\"fields\": [\"\\u0421\\u0442\\u0430\\u0442\\u0443\\u0441 \\u0437\\u0430\\u043a\\u0430\\u0437\\u0430\", \"\\u0421\\u043f\\u043e\\u0441\\u043e\\u0431 \\u043e\\u043f\\u043b\\u0430\\u0442\\u044b\"]}}]"
    }
  },
  {
    "model": "admin.logentry",
    "pk": 29,
    "fields": {
      "action_time": "2025-04-12T20:39:41.047Z",
      "user": 1,
      "content_type": 11,
      "object_id": "10",
      "object_repr": "Anna Ivanova, Московская 9",
      "action_flag": 2,
      "change_message": "[{\"changed\": {\"fields\": [\"\\u0421\\u0442\\u0430\\u0442\\u0443\\u0441 \\u0437\\u0430\\u043a\\u0430\\u0437\\u0430\"]}}]"
    }
  },
  {
    "model": "admin.logentry",
    "pk": 30,
    "fields": {
      "action_time": "2025-04-12T21:23:35.058Z",
      "user": 1,
      "content_type": 11,
      "object_id": "13",
      "object_repr": "Иван Петров, Ленинский 4",
      "action_flag": 2,
      "change_message": "[]"
    }
  },
  {
    "model": "admin.logentry",
    "pk": 31,
    "fields": {
      "action_time": "2025-04-13T18:54:41.245Z",
      "user": 1,
      "content_type": 11,
      "object_id": "17",
      "object_repr": "Иван Иванович, Улица Пушкина, 12",
      "action_flag": 2,
      "change_message": "[{\"changed\": {\"fields\": [\"\\u0421\\u0442\\u0430\\u0442\\u0443\\u0441 \\u0437\\u0430\\u043a\\u0430\\u0437\\u0430\", \"\\u0421\\u043f\\u043e\\u0441\\u043e\\u0431 \\u043e\\u043f\\u043b\\u0430\\u0442\\u044b\", \"\\u0420\\u0435\\u0441\\u0442\\u043e\\u0440\\u0430\\u043d, \\u0433\\u043e\\u0442\\u043e\\u0432\\u044f\\u0449\\u0438\\u0439 \\u0437\\u0430\\u043a\\u0430\\u0437\"]}}]"
    }
  },
  {
    "model": "admin.logentry",
    "pk": 32,
    "fields": {
      "action_time": "2025-04-15T21:57:31.884Z",
      "user": 1,
      "content_type": 11,
      "object_id": "18",
      "object_repr": "Анастасия Петрова, Метро Охотный ряд",
      "action_flag": 2,
      "change_message": "[{\"changed\": {\"fields\": [\"\\u0421\\u0442\\u0430\\u0442\\u0443\\u0441 \\u0437\\u0430\\u043a\\u0430\\u0437\\u0430\", \"\\u0421\\u043f\\u043e\\u0441\\u043e\\u0431 \\u043e\\u043f\\u043b\\u0430\\u0442\\u044b\"]}}]"
    }
  },
  {
    "model": "admin.logentry",
    "pk": 33,
    "fields": {
      "action_time": "2025-04-15T21:57:53.699Z",
      "user": 1,
      "content_type": 11,
      "object_id": "18",
      "object_repr": "Анастасия Петрова, Метро Охотный ряд",
      "action_flag": 2,
      "change_message": "[{\"changed\": {\"fields\": [\"\\u0420\\u0435\\u0441\\u0442\\u043e\\u0440\\u0430\\u043d, \\u0433\\u043e\\u0442\\u043e\\u0432\\u044f\\u0449\\u0438\\u0439 \\u0437\\u0430\\u043a\\u0430\\u0437\"]}}]"
    }
  },
  {
    "model": "admin.logentry",
    "pk": 34,
    "fields": {
      "action_time": "2025-04-15T22:48:01.289Z",
      "user": 1,
      "content_type": 11,
      "object_id": "19",
      "object_repr": "Михаил Котов, Метро Воробьевы горы",
      "action_flag": 2,
      "change_message": "[{\"changed\": {\"fields\": [\"\\u0421\\u0442\\u0430\\u0442\\u0443\\u0441 \\u0437\\u0430\\u043a\\u0430\\u0437\\u0430\", \"\\u0420\\u0435\\u0441\\u0442\\u043e\\u0440\\u0430\\u043d, \\u0433\\u043e\\u0442\\u043e\\u0432\\u044f\\u0449\\u0438\\u0439 \\u0437\\u0430\\u043a\\u0430\\u0437\"]}}]"
    }
  },
  {
    "model": "auth.user",
    "pk": 1,
    "fields": {
      "password": "pbkdf2_sha256$600000$pewozFPUnPcYQFphbkLC7n$DOHcm2VYu92GxoLK3tzcjHmMbRzWtqqp42p0exyf43I=",
      "last_login": "2025-05-06T16:09:19.121Z",
      "is_superuser": true,
      "username": "yelen",
      "first_name": "",
      "last_name": "",
      "email": "",
      "is_staff": true,
      "is_active": true,
      "date_joined": "2025-04-09T09:57:56.781Z",
      "groups": [],
      "user_permissions": []
    }
  },
  {
    "model": "sessions.session",
    "pk": "hyel1r59q5i055wxdsatjlpq1phcd0oq",
    "fields": {
      "session_data": ".eJxVjMsOwiAQRf-FtSE8OlBcuu83kIEZpWogKe3K-O_apAvd3nPOfYmI21ri1nmJM4mz0OL0uyXMD647oDvWW5O51XWZk9wVedAup0b8vBzu30HBXr51AEJCM2SVLOYxmyvgoJBh8M4F4xQoyglDsNozAtmknEoja3AWmL14fwDx0Tfx:1uCKr9:fzYBl02OXSmD7Ggol5j7Am3GkE8hoZqHWwrrtP3iaX8",
      "expire_date": "2025-05-20T16:09:19.184Z"
    }
  },
  {
    "model": "sessions.session",
    "pk": "kjlskw42nuwxbf1mapozj3inobnghftz",
    "fields": {
      "session_data": ".eJxVjMsOwiAQRf-FtSE8OlBcuu83kIEZpWogKe3K-O_apAvd3nPOfYmI21ri1nmJM4mz0OL0uyXMD647oDvWW5O51XWZk9wVedAup0b8vBzu30HBXr51AEJCM2SVLOYxmyvgoJBh8M4F4xQoyglDsNozAtmknEoja3AWmL14fwDx0Tfx:1u2SC2:vZFqVIoSEw9FIQmES8sjO1zL86Kr6fqA1vZj40omcYI",
      "expire_date": "2025-04-23T09:58:02.323Z"
    }
  },
  {
    "model": "sessions.session",
    "pk": "y7xofjzbyf3xutgsn6tisv19ifcllenf",
    "fields": {
      "session_data": ".eJxVjMsOwiAQRf-FtSE8OlBcuu83kIEZpWogKe3K-O_apAvd3nPOfYmI21ri1nmJM4mz0OL0uyXMD647oDvWW5O51XWZk9wVedAup0b8vBzu30HBXr51AEJCM2SVLOYxmyvgoJBh8M4F4xQoyglDsNozAtmknEoja3AWmL14fwDx0Tfx:1u2zKx:VCtlDjt9EX84bVOVJVEWB0To9HAP2bT62f9ehwInpIE",
      "expire_date": "2025-04-24T21:21:27.598Z"
    }
  }
]